<?xml version="1.0" encoding="utf-8"?>
<ModMetaData>
    <name>Коллекция русских переводов [RUS]</name>
    <author>Dmitry6</author>
    <supportedVersions>
	    <li>1.0</li>
        <li>1.1</li>
        <li>1.2</li>
        <li>1.3</li>
        <li>1.4</li>		
    </supportedVersions>
    <packageId>dmitry6.RusPack</packageId>
    <description>Коллекция переводов самых разнообразных модификаций к игре.</description>
    <modDependencies>
	</modDependencies>
    <loadBefore>
	</loadBefore>
    <loadAfter>
        <li>brrainz.harmony</li>
        <li>Ludeon.RimWorld</li>
        <li>Ludeon.RimWorld.Royalty</li>
        <li>Ludeon.RimWorld.Ideology</li>
        <li>UnlimitedHugs.HugsLib</li>		
        <li>biomesteam.biomescore</li>
        <li>biomesteam.oasis</li>
        <li>biomesteam.biomesislands</li>
        <li>captainmuscles.beatyourprisoners</li>
        <li>uuugggg.tdpack</li>
        <li>dubwise.dubsappareltweaks</li>
        <li>ogliss.ykara.harvesteverything</li>
        <li>roolo.almostthere</li>
        <li>ut.autodrill</li>
        <li>goudaquiche.teleporter</li>
        <li>derekbickley.forcefields</li>
        <li>mlie.presetfilteredzones</li>
        <li>dorely.emergencysurgery</li>
        <li>toywalrus.easyupgrades</li>
        <li>arandomkiwi.killforme</li>
        <li>sarg.pitofdespair</li>
        <li>elkyelky.houseplants</li>
        <li>arcjc007.wallstuff</li>
        <li>scorpio.itemteleporter</li>
        <li>uuugggg.fueleconomy</li>
        <li>hatena.humansensor</li>
        <li>murmur.tcu</li>
        <li>ogliss.g223.wanderingcaravans</li>
        <li>vanya.tools.blightedalert</li>
        <li>buriedalive.1trickponyta</li>
        <li>syrus.caravanmoodbuff</li>
        <li>bustedbunny.chooseyourrecipe</li>
        <li>petetimessix.compacthediffs</li>
        <li>arandomkiwi.downforme</li>
        <li>inglix.fasterbiosculptingpod</li>
        <li>me.lubar.prisoncommons</li>
        <li>uuugggg.miningpriority</li>
		<li>erdelf.prisonerransom</li>
		<li>mlie.prisonersdonthavekeys</li>
		<li>automatic.traderships</li>
		<li>captainmuscles.dropinventory</li>
		<li>ducks.insaneskills</li>
		<li>trasheddt.industrialisation</li>
		<li>Qux.factionhippie</li>
		<li>Qux.factionmafia</li>
		<li>Mlie.Tenants</li>
		<li>Syrus.CustomizeAnimals</li>
		<li>puremj.mjrimmods.whileyouarenearby</li>
		<li>Odeum.BiomesKit</li>
		<li>Knight.MedicalIVs</li>
		<li>com.distman.gastrap</li>
		<li>kikohi.TamingArtifact</li>
		<li>FLASHPOINT55.RPGStyleLevelUpMod</li>
		<li>avilmask.NonUnoPinata</li>
		<li>Uuugggg.ShareTheLoad</li>
		<li>CarnySenpai.TraitRarityColors</li>
		<li>Uuugggg.ReplaceStuff</li>
		<li>Scorpio.MakeAnythingCraftable</li>
		<li>Scorpio.MakeAnythingBuildable</li>
		<li>Mlie.UNColony</li>
		<li>Mlie.UNFurniture</li>
		<li>miyamiya.workscontroller.latest</li>
		<li>Taranchuk.PerformanceOptimizer</li>
		<li>JangoDsoul.ExiledDawn</li>
		<li>Scorpio.MechanoidFoundry</li>
		<li>Gunmar.MoreJackets</li>
		<li>Gunmar.MoreSmallGuns</li>
		<li>xrushha.EldersFaction</li>
		<li>Mlie.XNDNocturnalAnimals</li>
		<li>owlchemist.undergroundpowerconduits</li>
		<li>owlchemist.windows</li>
		<li>automatic.autocleaner</li>
		<li>Alkolyte.Spawners</li>
		<li>Mlie.MercerBackpacksNanoSuit</li>
		<li>Uuugggg.UseBedrolls</li>
		<li>Augmented.Vanilla.Weapons</li>
		<li>Augmented.Vanilla.Injectors</li>
		<li>DanielRenner.RennOrganisms</li>
		<li>Ayameduki.HARIdhale</li>
		<li>Mlie.Ra2Bunker</li>
		<li>joseasoler.TraderGen</li>
		<li>AgentBlac.MakePawnsPrisoners</li>
		<li>arakos.callatrader.acat</li>
		<li>SirVan.StabilizedMechanites</li>
		<li>TRIBeagle.simpleslaverycollars</li>
		<li>Wiri.compositableloadouts</li>
		<li>papercrane1001.WeaponsTab</li>
		<li>Mlie.AnimalHarvestingSpot</li>
		<li>flyingstar.automortarsunofficial</li>
    </loadAfter>
</ModMetaData>
