<?xml version="1.0" encoding="UTF-8" standalone="yes"?>
<loadFolders>
    <v1.0>
	<li>/</li>
	</v1.0>
	<v1.1>
	<li>/</li>
	</v1.1>
	<v1.2>
	<li>/</li>
	</v1.2>	
	<v1.3>
	<li>/</li>
	</v1.3>	
	<v1.4>
        <li>/</li>
		<!-- Крупные моды -->
		<li IfModActive="BiomesTeam.BiomesCore">RuTranslations/Biomes! Core и Chromatic Oasis</li>
		<li IfModActive="BiomesTeam.BiomesIslands">RuTranslations/Biomes! Islands</li>
		
		<!-- Средние моды -->		
		<li IfModActive="trasheddt.industrialisation">RuTranslations/Industrialisation</li>
		<li IfModActive="captainmuscles.beatyourprisoners">RuTranslations/Beat Your Prisoners</li>       		
		<li IfModActive="ogliss.ykara.harvesteverything">RuTranslations/Harvest Everything!</li>
		<li IfModActive="Mlie.Tenants">RuTranslations/Tenants</li>		
		<li IfModActive="Odeum.BiomesKit">RuTranslations/Gulden Mod</li>
		<li IfModActive="Knight.MedicalIVs">RuTranslations/Medical IV's</li>
		<li IfModActive="com.distman.gastrap">RuTranslations/Gas Traps And Shells</li>
        <li IfModActive="Mlie.UNColony">RuTranslations/UN-Colony</li>
        <li IfModActive="Mlie.UNFurniture">RuTranslations/UN-Furniture</li>
		<li IfModActive="Alkolyte.Spawners">RuTranslations/Spawners and Drones</li>
        <li IfModActive="DanielRenner.RennOrganisms">RuTranslations/End times Renn Organisms</li>
		<li IfModActive="TRIBeagle.simpleslaverycollars">RuTranslations/Simple Slavery Collars</li>
		
		<!-- Технические моды -->
		<li IfModActive="uuugggg.tdpack">RuTranslations/TD Enhancement Pack</li>
		<li IfModActive="dubwise.dubsappareltweaks">RuTranslations/Dubs Apparel Tweaks</li>
		<li IfModActive="Syrus.CustomizeAnimals">RuTranslations/Customize Animals</li>		
		<li IfModActive="Wiri.compositableloadouts">RuTranslations/Compositable Loadouts</li>		
			
		<!-- Фракции -->
		<li IfModActive="Qux.factionhippie">RuTranslations/Faction Hippies</li>
		<li IfModActive="Qux.factionmafia">RuTranslations/Faction Mafia</li>		
		<li IfModActive="JangoDsoul.ExiledDawn">RuTranslations/Exiled Dawn</li>
		<li IfModActive="xrushha.EldersFaction">RuTranslations/Elders Faction</li>
		<li IfModActive="Ayameduki.HARIdhale">RuTranslations/Idhale Race</li>
		
		<!-- Мелкие моды -->		
		<li IfModActive="roolo.almostthere">RuTranslations/Almost There</li>
		<li IfModActive="ut.autodrill">RuTranslations/AutoDrill</li>
		<li IfModActive="goudaquiche.teleporter">RuTranslations/Beam me up Scotty</li>
		<li IfModActive="mlie.presetfilteredzones">RuTranslations/Preset Filtered Zones</li>
		<li IfModActive="dorely.emergencysurgery">RuTranslations/Just cut it off! (Emergency Surgery)</li>
		<li IfModActive="toywalrus.easyupgrades">RuTranslations/Easy Upgrades</li>
		<li IfModActive="arandomkiwi.killforme">RuTranslations/Kill For Me</li>
		<li IfModActive="sarg.pitofdespair">RuTranslations/Pit of Despair</li>
		<li IfModActive="elkyelky.houseplants">RuTranslations/Houseplants</li>
		<li IfModActive="arcjc007.wallstuff">RuTranslations/WallStuff</li>
		<li IfModActive="derekbickley.forcefields">RuTranslations/Force Field Walls</li>
		<li IfModActive="scorpio.itemteleporter">RuTranslations/Item Teleporter</li>
		<li IfModActive="hatena.humansensor">RuTranslations/Human Sensor</li>
		<li IfModActive="murmur.tcu">RuTranslations/Temperature Control Unit</li>
		<li IfModActive="ogliss.g223.wanderingcaravans">RuTranslations/Wandering Caravans</li>
		<li IfModActive="vanya.tools.blightedalert">RuTranslations/Blighted Alert</li>
		<li IfModActive="buriedalive.1trickponyta">RuTranslations/Buried Alive</li>
		<li IfModActive="arandomkiwi.downforme">RuTranslations/Down For Me</li>
		<li IfModActive="uuugggg.miningpriority">RuTranslations/Mining Priority</li>
		<li IfModActive="erdelf.prisonerransom">RuTranslations/PrisonerRansom</li>
		<li IfModActive="mlie.prisonersdonthavekeys">RuTranslations/Prisoners Dont Have Keys</li>
		<li IfModActive="automatic.traderships">RuTranslations/Trader ships</li>
		<li IfModActive="captainmuscles.dropinventory">RuTranslations/Drop All Inventory</li>
		<li IfModActive="kb.dropinventory">RuTranslations/Drop All Inventory</li>
		<li IfModActive="ducks.insaneskills">RuTranslations/Ducks' Insane Skills</li>
		<li IfModActive="kikohi.TamingArtifact">RuTranslations/Taming Artifact</li>
		<li IfModActive="FLASHPOINT55.RPGStyleLevelUpMod">RuTranslations/RPG Style Level Up Mod</li>
		<li IfModActive="Uuugggg.ReplaceStuff">RuTranslations/Replace Stuff</li>
	    <li IfModActive="Scorpio.MakeAnythingCraftable">RuTranslations/Make Anything Craftable</li>
	    <li IfModActive="Scorpio.MakeAnythingBuildable">RuTranslations/Make Anything Buildable</li>
		<li IfModActive="Scorpio.MechanoidFoundry">RuTranslations/Mechanoid Foundry</li>
		<li IfModActive="Gunmar.MoreJackets">RuTranslations/More Jackets</li>
		<li IfModActive="Gunmar.MoreSmallGuns">RuTranslations/More Small Guns</li>
		<li IfModActive="Mlie.XNDNocturnalAnimals">RuTranslations/Nocturnal Animals</li>	
		<li IfModActive="owlchemist.undergroundpowerconduits">RuTranslations/Underground Power Conduits</li>
		<li IfModActive="owlchemist.windows">RuTranslations/Windows</li>
		<li IfModActive="automatic.autocleaner">RuTranslations/Autocleaner</li>
		<li IfModActive="Mlie.MercerBackpacksNanoSuit">RuTranslations/Mercer's Backpacks + Nano Suit</li>
		<li IfModActive="Augmented.Vanilla.Weapons">RuTranslations/Augmented Vanilla Weapons</li>
		<li IfModActive="Augmented.Vanilla.Injectors">RuTranslations/Augmented Vanilla Injectors</li>
		<li IfModActive="Mlie.Ra2Bunker">RuTranslations/Ra2Bunker</li>
		<li IfModActive="joseasoler.TraderGen">RuTranslations/TraderGen</li>
		<li IfModActive="AgentBlac.MakePawnsPrisoners">RuTranslations/Imprisonment On The Go</li>
		<li IfModActive="arakos.callatrader.acat">RuTranslations/Call A Trader</li>
		<li IfModActive="SirVan.StabilizedMechanites">RuTranslations/Stabilized Mechanites</li>
		<li IfModActive="mlie.animalharvestingspot">RuTranslations/AnimalHarvestingSpot</li>
		<li IfModActive="flyingstar.automortarsunofficial">RuTranslations/Auto Mortars</li>
		
		<!-- Технические моды/улучшения игры -->
		<li IfModActive="bustedbunny.chooseyourrecipe">RuTranslations/Choose Your Recipe</li>
		<li IfModActive="petetimessix.compacthediffs">RuTranslations/Compact Hediffs</li>
		<li IfModActive="miyamiya.workscontroller.latest">RuTranslations/Works Controller</li>		
		<li IfModActive="Taranchuk.PerformanceOptimizer">RuTranslations/Performance Optimizer</li>
		<li IfModActive="uuugggg.fueleconomy">RuTranslations/Fuel Economy</li>
		<li IfModActive="syrus.caravanmoodbuff">RuTranslations/Caravan Mood Buff</li>
		<li IfModActive="inglix.fasterbiosculptingpod">RuTranslations/Faster Biosculpter Pod</li>
		<li IfModActive="puremj.mjrimmods.whileyouarenearby">RuTranslations/While You Are Nearby</li>
		<li IfModActive="avilmask.NonUnoPinata">RuTranslations/Non uno Pinata</li>
		<li IfModActive="Uuugggg.ShareTheLoad">RuTranslations/Share The Load</li>
		<li IfModActive="CarnySenpai.TraitRarityColors">RuTranslations/Trait Rarity Colors</li>		
		<li IfModActive="Uuugggg.UseBedrolls">RuTranslations/Use Bedrolls</li>
		<li IfModActive="papercrane1001.WeaponsTab">RuTranslations/Weapons Tab Reborn</li>










		<!-- ВЗЯТО ИЗ СБОРНИКА ОТ PEGAS: PTP - RUSSIAN LOCALIZATION -->
		
		        <!-- Обычные моды мастерской -->
        <!-- Крупные -->
        <!-- Средние -->
        <li IfModActive="Mlie.ApexRimworld Legends">Translations/Apex Rimworld Legends</li>
        <li IfModActive="moremonstergirls.rw">Translations/More Monster Girls</li>
        <li IfModActive="Roskii.Astoriel">Translations/Astoriel</li>
        <li IfModActive="Mlie.TwilekRace">Translations/TwiLek</li>
        <!-- Мелкие -->
        <li IfModActive="Mlie.WeHadATrader">Translations/We Had a Trader</li>
        <li IfModActive="legodude17.htsb">Translations/Take It To Storage</li>
        <li IfModActive="navyseal5.InfestationBait">Translations/InfestationBait</li>
        <li IfModActive="jamaicancastle.shoo">Translations/Shoo</li>
        <li IfModActive="Owlchemist.BoundaryTraining">Translations/Boundary Training</li>
        <li IfModActive="hatena.AnimalDiscovery">Translations/Animal Discovery</li>
        <li IfModActive="Mlie.FlickableStorage">Translations/Flickable Storage</li>
        <li IfModActive="owlchemist.perspectivebuildings">Translations/Perspective Buildings</li>
        <li IfModActive="imranfish.xmlextensions">Translations/XML Extensions</li>
        <li IfModActive="DerekBickley.PrisonWalls">Translations/Prison Walls</li>
        <li IfModActive="DerekBickley.ForceFields">Translations/Force Field Walls</li>
        <li IfModActive="syrchalis.moreslaves">Translations/More Slaves</li>
        <li IfModActive="Supes.MapWideOrbitalTradeBeacon">Translations/Map Wide Beacon</li>
        <li IfModActive="UnlimitedHugs.MapReroll">Translations/Map Reroll</li>
        <li IfModActive="notfood.MoreThanCapable">Translations/More Than Capable</li>
        <li IfModActive="Owlchemist.ToggleableShields">Translations/Toggleable Shields</li>
        <li IfModActive="Mlie.RelevantStatsInDescription">Translations/Relevant Stats In Description</li>
        <li IfModActive="Mlie.ConvertThenRecruit">Translations/Convert Then Recruit</li>
        <li IfModActive="Mlie.ConvertThenEnslave">Translations/Convert Then Enslave</li>
        <li IfModActive="mlie.releasewhenhealthy">Translations/Release When Healthy</li>
        <li IfModActive="kikohi.TamingArtifact">Translations/Taming Artifact</li>
        <li IfModActive="calltradeships.kv.rw">Translations/Call Trade Ships</li>
        <li IfModActive="rh2.bcd.casevac">Translations/CASEVAC</li>
        <li IfModActive="rh2.bcd.first.aid">Translations/First Aid</li>
        <li IfModActive="rh2.cpers.arrest.here">Translations/Arrest Here</li>
        <li IfModActive="rh2.handtohand">Translations/Hand to Hand</li>
        <li IfModActive="me.lubar.prisoncommons">Translations/Prison Commons</li>
        <!-- вот отсюда -->
        <li IfModActive="tikubonn.corpsetab">Translations/CorpseTab</li>
        <li IfModActive="tikubonn.corpsetabforallowtool">Translations/CorpseTab AllowTool</li>
        <li IfModActive="ilyvion.farminghysteresis">Translations/Farming Hysteresis</li>
        <li IfModActive="torann.caravanoptions">Translations/CaravanOptions</li>
        <li IfModActive="azuraal.choiceofpsycasts">Translations/Choice Of Psycasts</li>
        <li IfModActive="mlie.choosebiomecommonality">Translations/Choose Biome Commonality</li>
        <li IfModActive="mlie.choosewildplantspawns">Translations/Choose Wild Plant Spawns</li>
        <li IfModActive="mlie.choosewildanimalspawns">Translations/Choose Wild Animal Spawns</li>
        <li IfModActive="comigogames.traders.grim">Translations/Comigo Grim Traders</li>
        <li IfModActive="telardo.nolaggybed">Translations/No Laggy Bed</li>
        <li IfModActive="mlie.giveupyourbuilding">Translations/Give up your building</li>
        <li IfModActive="hahke.honestcorpse">Translations/Honest Corpse</li>
        <li IfModActive="ogliss.rescueejoinsplus">Translations/RescueeJoinsPlus</li>
        <li IfModActive="ogliss.wanderjoinsplus">Translations/WanderJoinsPlus</li>

        <!-- Моды мастерской + переписанные моды для HSK -->
        <li IfModActive="dninemfive.advancedshieldbelts, dninemfive.advancedshieldbelts.sk">Translations/Advanced Shield Belts</li>
        <li IfModActive="xrushha.animaanimals, xrushha.animaanimals.sk, hh.xrushha.animaanimalscombined">Translations/Anima Animals</li>
        <li IfModActive="verniy709.bloodborne.weapon, verniy709.bloodborne.weapon.sk">Translations/Bloodborne Weapons</li>
        <li IfModActive="ellit.glitterpaths.sk, ellit.glitterpaths">Translations/Glitterpaths</li>

        <!-- Переписанные моды для HSK -->
        <li IfModActive="DerekBickley.Jailandhightech">Translations/Jail and Hightech</li>

        <!-- Уникальные моды (удалённые / вне мастерской) -->

		
    </v1.4>	
</loadFolders>






















